COUNTRY,COUNTRY_GRP,SEX,YEAR,VALUE
ALB,,ALL,2008,95.68
ALB,,ALL,2009,85.01
ALB,,ALL,2010,123.31
ALB,,ALL,2011,113.75
ALB,,ALL,2012,50.74
ALB,,ALL,2013,78.32
ALB,,ALL,2014,39.15
ALB,,ALL,2015,88.64
ALB,,ALL,2016,72.48
ALB,,ALL,2017,51.83
AUT,,ALL,1985,26.3
AUT,,ALL,1986,33.35
AUT,,ALL,1987,45.09
AUT,,ALL,1988,27.26
AUT,,ALL,1989,29.29
AUT,,ALL,1990,28.74
AUT,,ALL,1991,22.19
AUT,,ALL,1992,17.84
AUT,,ALL,1993,30.45
AUT,,ALL,1994,20.56
AUT,,ALL,1995,30.45
AUT,,ALL,1996,18.02
AUT,,ALL,1997,20.23
AUT,,ALL,1998,20.93
AUT,,ALL,1999,29.44
AUT,,ALL,2000,23
AUT,,ALL,2001,14.58
AUT,,ALL,2002,20.41
AUT,,ALL,2003,14.3
AUT,,ALL,2004,13.93
AUT,,ALL,2005,14.07
AUT,,ALL,2006,12.83
AUT,,ALL,2007,11.8
AUT,,ALL,2008,16.72
AUT,,ALL,2009,20.96
AUT,,ALL,2010,15.24
AUT,,ALL,2011,7.68
AUT,,ALL,2012,7.6
AUT,,ALL,2013,3.78
AZE,,ALL,1997,4.54
AZE,,ALL,1999,2.55
AZE,,ALL,2002,8.13
AZE,,ALL,2003,11.46
AZE,,ALL,2004,17.48
AZE,,ALL,2005,12.68
AZE,,ALL,2006,20.14
AZE,,ALL,2007,22.37
AZE,,ALL,2008,24.99
AZE,,ALL,2009,33.52
AZE,,ALL,2010,31.39
AZE,,ALL,2011,23.85
AZE,,ALL,2012,18.34
AZE,,ALL,2013,22.01
AZE,,ALL,2014,28.74
AZE,,ALL,2015,21.66
AZE,,ALL,2016,20.07
AZE,,ALL,2017,26.38
BEL,,ALL,1980,83.27
BEL,,ALL,1981,121.98
BEL,,ALL,1982,60.64
BEL,,ALL,1983,101.55
BEL,,ALL,1984,86.67
BEL,,ALL,1985,49.08
BEL,,ALL,1986,107.6
BEL,,ALL,1987,129.54
BEL,,ALL,1988,105.19
BEL,,ALL,1989,104.21
BEL,,ALL,1990,141.38
BEL,,ALL,1991,154.06
BEL,,ALL,1992,121.02
BEL,,ALL,1993,107.57
BEL,,ALL,1994,151.91
BEL,,ALL,1995,107.32
BEL,,ALL,1996,100.48
BEL,,ALL,1997,106.7
BEL,,ALL,1998,217.89
BEL,,ALL,1999,184.19
BEL,,ALL,2000,138.4
BEL,,ALL,2001,188.31
BEL,,ALL,2002,153.74
BEL,,ALL,2003,187.25
BEL,,ALL,2004,198.93
BEL,,ALL,2005,124.57
BEL,,ALL,2006,163.12
BEL,,ALL,2007,169.29
BEL,,ALL,2008,193.68
BEL,,ALL,2009,182.25
BEL,,ALL,2010,211.38
BEL,,ALL,2011,186.47
BEL,,ALL,2012,202.26
BEL,,ALL,2013,195.05
BGR,,ALL,1996,54.03
BGR,,ALL,1997,46.78
BGR,,ALL,1998,73.44
BGR,,ALL,1999,70.55
BGR,,ALL,2000,70.58
BGR,,ALL,2001,70.4
BGR,,ALL,2002,82.71
BGR,,ALL,2003,44.69
BGR,,ALL,2004,52.94
BGR,,ALL,2005,47.84
BGR,,ALL,2006,32.44
BGR,,ALL,2007,53.09
BGR,,ALL,2008,28.31
BGR,,ALL,2009,39.53
BGR,,ALL,2010,35.76
BGR,,ALL,2011,45.17
BGR,,ALL,2012,54.98
BGR,,ALL,2013,25.53
BGR,,ALL,2014,47.35
BGR,,ALL,2015,48.52
BGR,,ALL,2016,27.7
BGR,,ALL,2017,37.53
BIH,,ALL,1980,95.87
BIH,,ALL,1981,99.96
BIH,,ALL,1982,197.61
BIH,,ALL,1983,121.14
BIH,,ALL,1984,175.75
BIH,,ALL,1985,81.13
BIH,,ALL,1986,58.99
BIH,,ALL,1987,105.79
BIH,,ALL,1988,91.92
BIH,,ALL,1989,104.78
BIH,,ALL,1990,115.01
BIH,,ALL,1991,89.55
BLR,,ALL,1993,89.45
BLR,,ALL,1994,87.7
BLR,,ALL,1995,74.15
BLR,,ALL,1996,97.08
BLR,,ALL,1997,50.14
BLR,,ALL,1998,54.95
BLR,,ALL,1999,38.64
BLR,,ALL,2000,54.43
BLR,,ALL,2001,62.15
BLR,,ALL,2002,32.61
BLR,,ALL,2003,61.01
BLR,,ALL,2004,47.22
BLR,,ALL,2005,49.83
BLR,,ALL,2006,58.93
BLR,,ALL,2007,52.11
BLR,,ALL,2008,63.96
BLR,,ALL,2009,54.91
BLR,,ALL,2010,40.72
BLR,,ALL,2011,55.89
BLR,,ALL,2012,39.69
BLR,,ALL,2013,42.37
BLR,,ALL,2014,47.24
BLR,,ALL,2015,44.53
BLR,,ALL,2016,53.49
BLR,,ALL,2017,54.6
,CARINFONET,ALL,2006,156.74
,CARINFONET,ALL,2007,182.48
,CARINFONET,ALL,2008,184.87
,CARINFONET,ALL,2009,195.98
,CARINFONET,ALL,2010,181.37
,CARINFONET,ALL,2011,198.72
,CARINFONET,ALL,2012,243.18
,CARINFONET,ALL,2013,248.7
,CARINFONET,ALL,2014,229.97
,CARINFONET,ALL,2015,235.94
,CARINFONET,ALL,2016,252.46
,CARINFONET,ALL,2017,294.35
CHE,,ALL,1979,43.06
CHE,,ALL,2002,100.87
CHE,,ALL,2003,129.44
CHE,,ALL,2004,102.62
CHE,,ALL,2005,117.96
CHE,,ALL,2006,144.47
CHE,,ALL,2007,142.29
CHE,,ALL,2008,157.78
CHE,,ALL,2009,136.68
CHE,,ALL,2010,158.18
CHE,,ALL,2011,179.44
CHE,,ALL,2012,185
CHE,,ALL,2013,183.73
CHE,,ALL,2014,153.6
CHE,,ALL,2015,124.77
CHE,,ALL,2016,127.44
CHE,,ALL,2017,98.42
,CIS,ALL,1999,63.97
,CIS,ALL,2002,62.16
,CIS,ALL,2003,63.96
,CIS,ALL,2004,65.09
,CIS,ALL,2005,66.94
,CIS,ALL,2006,69.46
,CIS,ALL,2007,78.65
,CIS,ALL,2008,78.14
,CIS,ALL,2009,82.44
,CIS,ALL,2010,79.63
,CIS,ALL,2011,83.75
,CIS,ALL,2012,96.34
,CIS,ALL,2013,99.69
,CIS,ALL,2014,96.01
,CIS,ALL,2015,98.41
,CIS,ALL,2016,192.58
,CIS,ALL,2017,225.18
CZE,,ALL,1988,87.44
CZE,,ALL,1989,98.16
CZE,,ALL,1990,75.06
CZE,,ALL,1991,57.21
CZE,,ALL,1992,77.24
CZE,,ALL,1993,75.19
CZE,,ALL,1994,72.25
CZE,,ALL,1995,69.72
CZE,,ALL,1996,57.49
CZE,,ALL,1997,50.74
CZE,,ALL,1998,68.48
CZE,,ALL,1999,68.18
CZE,,ALL,2000,63.8
CZE,,ALL,2001,55.12
CZE,,ALL,2002,54.97
CZE,,ALL,2003,65.11
CZE,,ALL,2004,53.24
CZE,,ALL,2005,52.83
CZE,,ALL,2006,33.07
CZE,,ALL,2007,50.6
CZE,,ALL,2008,35.96
CZE,,ALL,2009,41.4
CZE,,ALL,2010,39.26
CZE,,ALL,2011,48.77
CZE,,ALL,2012,45.13
CZE,,ALL,2013,42.15
CZE,,ALL,2014,40.96
CZE,,ALL,2015,38.82
DEU,,ALL,2000,26.47
DEU,,ALL,2001,26.55
DEU,,ALL,2002,23.08
DEU,,ALL,2003,22.36
DEU,,ALL,2004,34.01
DEU,,ALL,2005,34.56
DEU,,ALL,2006,42.66
DEU,,ALL,2007,41.03
DEU,,ALL,2008,39.41
DEU,,ALL,2009,43.3
DEU,,ALL,2010,37.02
DEU,,ALL,2011,43.76
DEU,,ALL,2012,44.24
DEU,,ALL,2013,41.64
DEU,,ALL,2014,40.56
DEU,,ALL,2015,40.13
DEU,,ALL,2016,38.88
DEU,,ALL,2017,39.75
DNK,,ALL,1983,57.06
DNK,,ALL,1984,54.05
DNK,,ALL,1985,78.14
DNK,,ALL,1986,77.74
DNK,,ALL,1987,71.15
DNK,,ALL,1988,78.17
DNK,,ALL,1989,70.09
DNK,,ALL,1990,86.71
DNK,,ALL,1991,63.6
DNK,,ALL,1992,115.17
DNK,,ALL,1993,97.97
DNK,,ALL,1994,66.03
DNK,,ALL,1995,60.2
DNK,,ALL,1996,63.57
DNK,,ALL,1997,119.76
DNK,,ALL,1998,108.81
DNK,,ALL,1999,129.85
DNK,,ALL,2000,96.89
DNK,,ALL,2001,102.36
DNK,,ALL,2002,106.13
DNK,,ALL,2003,103.72
DNK,,ALL,2004,106.8
DNK,,ALL,2005,68.45
DNK,,ALL,2006,81.56
DNK,,ALL,2007,63.98
DNK,,ALL,2008,73.8
DNK,,ALL,2009,76.41
DNK,,ALL,2010,74.12
DNK,,ALL,2011,76.27
DNK,,ALL,2012,72.52
DNK,,ALL,2013,68.01
EST,,ALL,1990,89.67
EST,,ALL,1991,113.33
EST,,ALL,1992,144.14
EST,,ALL,1993,137.68
EST,,ALL,1994,42.33
EST,,ALL,1995,96.23
EST,,ALL,1996,98.17
EST,,ALL,1997,95.41
EST,,ALL,1998,139.72
EST,,ALL,1999,80.48
EST,,ALL,2000,114.79
EST,,ALL,2001,110.83
EST,,ALL,2002,115.38
EST,,ALL,2003,76.71
EST,,ALL,2004,64.32
EST,,ALL,2005,76.66
EST,,ALL,2006,80.66
EST,,ALL,2007,69.73
EST,,ALL,2008,74.87
EST,,ALL,2009,88.82
EST,,ALL,2010,44.23
EST,,ALL,2011,47.69
EST,,ALL,2012,85.37
EST,,ALL,2013,36.95
EST,,ALL,2014,36.9
EST,,ALL,2015,50.33
EST,,ALL,2016,43.66
EST,,ALL,2017,50.78
,EU_AFTER_MAY2004,ALL,1990,55.4
,EU_AFTER_MAY2004,ALL,1992,61.01
,EU_AFTER_MAY2004,ALL,1993,65.91
,EU_AFTER_MAY2004,ALL,1994,83.75
,EU_AFTER_MAY2004,ALL,1995,84.54
,EU_AFTER_MAY2004,ALL,1996,73.27
,EU_AFTER_MAY2004,ALL,1997,69.44
,EU_AFTER_MAY2004,ALL,1998,69.91
,EU_AFTER_MAY2004,ALL,1999,99.41
,EU_AFTER_MAY2004,ALL,2000,84.01
,EU_AFTER_MAY2004,ALL,2001,102.09
,EU_AFTER_MAY2004,ALL,2002,102.87
,EU_AFTER_MAY2004,ALL,2003,96.47
,EU_AFTER_MAY2004,ALL,2004,84.37
,EU_AFTER_MAY2004,ALL,2005,76.29
,EU_AFTER_MAY2004,ALL,2006,72.89
,EU_AFTER_MAY2004,ALL,2007,72.55
,EU_AFTER_MAY2004,ALL,2008,76.15
,EU_AFTER_MAY2004,ALL,2009,80.47
,EU_AFTER_MAY2004,ALL,2010,72.61
,EU_AFTER_MAY2004,ALL,2011,80.52
,EU_AFTER_MAY2004,ALL,2012,84.33
,EU_AFTER_MAY2004,ALL,2013,73.91
,EU_AFTER_MAY2004,ALL,2014,70.72
,EU_AFTER_MAY2004,ALL,2015,64.94
,EU_AFTER_MAY2004,ALL,2016,59.73
,EU_BEFORE_MAY2004,ALL,1989,58.82
,EU_BEFORE_MAY2004,ALL,1996,53.73
,EU_BEFORE_MAY2004,ALL,2000,60.16
,EU_BEFORE_MAY2004,ALL,2001,60.02
,EU_BEFORE_MAY2004,ALL,2002,57.86
,EU_BEFORE_MAY2004,ALL,2003,58.95
,EU_BEFORE_MAY2004,ALL,2004,63.46
,EU_BEFORE_MAY2004,ALL,2005,58.6
,EU_BEFORE_MAY2004,ALL,2006,64.14
,EU_BEFORE_MAY2004,ALL,2007,61.81
,EU_BEFORE_MAY2004,ALL,2008,60.17
,EU_BEFORE_MAY2004,ALL,2009,61.71
,EU_BEFORE_MAY2004,ALL,2010,61.11
,EU_BEFORE_MAY2004,ALL,2011,60.68
,EU_BEFORE_MAY2004,ALL,2012,64.1
,EU_BEFORE_MAY2004,ALL,2013,71.9
,EU_MEMBERS,ALL,1992,58.8
,EU_MEMBERS,ALL,1993,56.98
,EU_MEMBERS,ALL,1994,61.85
,EU_MEMBERS,ALL,1995,60.01
,EU_MEMBERS,ALL,1996,57
,EU_MEMBERS,ALL,1997,58.45
,EU_MEMBERS,ALL,1998,61.85
,EU_MEMBERS,ALL,1999,67.87
,EU_MEMBERS,ALL,2000,64.07
,EU_MEMBERS,ALL,2001,66.75
,EU_MEMBERS,ALL,2002,64.98
,EU_MEMBERS,ALL,2003,64.91
,EU_MEMBERS,ALL,2004,66.81
,EU_MEMBERS,ALL,2005,61.5
,EU_MEMBERS,ALL,2006,65.57
,EU_MEMBERS,ALL,2007,63.57
,EU_MEMBERS,ALL,2008,62.84
,EU_MEMBERS,ALL,2009,64.87
,EU_MEMBERS,ALL,2010,62.97
,EU_MEMBERS,ALL,2011,63.79
,EU_MEMBERS,ALL,2012,67.29
,EU_MEMBERS,ALL,2013,72.21
,EU_MEMBERS,ALL,2014,65.74
,EU_MEMBERS,ALL,2015,61.76
FIN,,ALL,1980,95.14
FIN,,ALL,1981,88.23
FIN,,ALL,1982,83.2
FIN,,ALL,1983,97.17
FIN,,ALL,1984,84.52
FIN,,ALL,1985,90.77
FIN,,ALL,1986,118.75
FIN,,ALL,1987,147.92
FIN,,ALL,1988,151.62
FIN,,ALL,1989,140.49
FIN,,ALL,1990,159.76
FIN,,ALL,1991,154.29
FIN,,ALL,1992,164.84
FIN,,ALL,1993,132.66
FIN,,ALL,1994,127.24
FIN,,ALL,1995,133.19
FIN,,ALL,1996,103.75
FIN,,ALL,1997,104.5
FIN,,ALL,1998,119.07
FIN,,ALL,1999,100.74
FIN,,ALL,2000,121.6
FIN,,ALL,2001,145.94
FIN,,ALL,2002,147.6
FIN,,ALL,2003,130.67
FIN,,ALL,2004,131.58
FIN,,ALL,2005,122.95
FIN,,ALL,2006,144.46
FIN,,ALL,2007,139.62
FIN,,ALL,2008,137.75
FIN,,ALL,2009,130.73
FIN,,ALL,2010,101.67
FIN,,ALL,2011,131.75
FIN,,ALL,2012,102.53
FIN,,ALL,2013,103.21
FIN,,ALL,2014,83.87
FRA,,ALL,2013,66.68
GBR,,ALL,1988,64.02
GBR,,ALL,1989,70.14
GBR,,ALL,1990,60.37
GBR,,ALL,1991,65.26
GBR,,ALL,1992,56.86
GBR,,ALL,1993,46.75
GBR,,ALL,1994,49.3
GBR,,ALL,1995,49.87
GBR,,ALL,1996,49.51
GBR,,ALL,2000,67.3
GBR,,ALL,2001,61.87
GBR,,ALL,2002,58.46
GBR,,ALL,2003,61.1
GBR,,ALL,2004,73.18
GBR,,ALL,2005,57.16
GBR,,ALL,2006,62.79
GBR,,ALL,2007,52.96
GBR,,ALL,2008,44.19
GEO,,ALL,2003,62.78
GEO,,ALL,2012,24.55
GEO,,ALL,2013,22.46
GEO,,ALL,2014,28.04
GEO,,ALL,2015,27
GEO,,ALL,2016,33.59
HRV,,ALL,2000,86.87
HRV,,ALL,2001,141.49
HRV,,ALL,2002,97.27
HRV,,ALL,2003,90.75
HRV,,ALL,2004,99.24
HRV,,ALL,2005,96.49
HRV,,ALL,2006,125.46
HRV,,ALL,2007,59.65
HRV,,ALL,2008,73.14
HRV,,ALL,2009,67.3
HRV,,ALL,2010,41.51
HRV,,ALL,2011,53.4
HRV,,ALL,2012,100.55
HRV,,ALL,2013,90.14
HRV,,ALL,2014,116.26
HRV,,ALL,2015,93.33
HRV,,ALL,2016,69.26
HUN,,ALL,1985,72.96
HUN,,ALL,1988,74.82
HUN,,ALL,1990,91.5
HUN,,ALL,1991,84.11
HUN,,ALL,1992,75.58
HUN,,ALL,1993,58.1
HUN,,ALL,1994,109.86
HUN,,ALL,1995,118.69
HUN,,ALL,1996,63.64
HUN,,ALL,1997,60.79
HUN,,ALL,1998,56.53
HUN,,ALL,1999,134.19
HUN,,ALL,2000,148.57
HUN,,ALL,2001,148.38
HUN,,ALL,2002,166.32
HUN,,ALL,2003,141.58
HUN,,ALL,2004,159.77
HUN,,ALL,2005,155.9
HUN,,ALL,2006,164.21
HUN,,ALL,2007,176.21
HUN,,ALL,2008,187.6
HUN,,ALL,2009,221.9
HUN,,ALL,2010,208.11
HUN,,ALL,2011,228.28
HUN,,ALL,2012,234.85
HUN,,ALL,2013,180.41
HUN,,ALL,2014,123.48
HUN,,ALL,2015,82.89
ISL,,ALL,1982,115.29
ISL,,ALL,1983,45.76
ISL,,ALL,1984,48.63
ISL,,ALL,1985,0
ISL,,ALL,1986,77.3
ISL,,ALL,1987,47.7
ISL,,ALL,1988,85.6
ISL,,ALL,1989,65.79
ISL,,ALL,1990,83.89
ISL,,ALL,1991,66.18
ISL,,ALL,1992,130.18
ISL,,ALL,1993,129.79
ISL,,ALL,1994,90.05
ISL,,ALL,1995,93.46
ISL,,ALL,1996,69.3
ISL,,ALL,1997,192.72
ISL,,ALL,1998,119.67
ISL,,ALL,1999,73.17
ISL,,ALL,2000,46.35
ISL,,ALL,2001,73.33
ISL,,ALL,2002,123.49
ISL,,ALL,2003,120.69
ISL,,ALL,2004,47.24
ISL,,ALL,2005,70.09
ISL,,ALL,2006,45.3
ISL,,ALL,2007,21.93
ISL,,ALL,2008,62.05
ISL,,ALL,2009,39.79
ISL,,ALL,2010,40.76
ISL,,ALL,2011,66.79
ISL,,ALL,2012,22.06
ISL,,ALL,2013,46.23
ISL,,ALL,2014,45.71
ISL,,ALL,2015,48.44
ISL,,ALL,2016,148.74
ISL,,ALL,2017,73.69
ISL,,ALL,2018,70.96
ISR,,ALL,1980,114.46
ISR,,ALL,1981,118.96
ISR,,ALL,1982,132.37
ISR,,ALL,1983,126.62
ISR,,ALL,1984,121.85
ISR,,ALL,1985,131.82
ISR,,ALL,1986,131.87
ISR,,ALL,1987,131.28
ISR,,ALL,1988,122.44
ISR,,ALL,1989,115.13
ISR,,ALL,1990,100.63
ISR,,ALL,1991,90.8
ISR,,ALL,1992,103.58
ISR,,ALL,1993,101.49
ISR,,ALL,1994,85.56
ISR,,ALL,1995,92.4
ISR,,ALL,1996,87.36
ISR,,ALL,1997,108.45
ISR,,ALL,1998,99.15
ISR,,ALL,1999,109.9
ISR,,ALL,2000,93.85
ISR,,ALL,2001,98.07
ISR,,ALL,2002,95.32
ISR,,ALL,2003,112.46
ISR,,ALL,2004,96.41
ISR,,ALL,2005,110.48
ISR,,ALL,2006,89.76
ISR,,ALL,2007,97.57
ISR,,ALL,2008,89.22
ISR,,ALL,2009,78.86
ISR,,ALL,2010,95.68
ISR,,ALL,2011,70.3
ISR,,ALL,2012,78.39
ISR,,ALL,2013,77.99
ISR,,ALL,2014,76.33
ISR,,ALL,2015,68.04
ISR,,ALL,2016,93.63
ITA,,ALL,1983,26.92
ITA,,ALL,1989,40.72
ITA,,ALL,2003,15.73
ITA,,ALL,2004,18.46
ITA,,ALL,2005,19.12
ITA,,ALL,2006,20.47
ITA,,ALL,2007,18.96
ITA,,ALL,2008,16.69
ITA,,ALL,2009,18.42
ITA,,ALL,2010,15.45
ITA,,ALL,2011,18.86
ITA,,ALL,2012,21.6
ITA,,ALL,2013,19.45
ITA,,ALL,2014,21.95
ITA,,ALL,2015,26.61
ITA,,ALL,2016,28.18
KAZ,,ALL,2006,417.89
KAZ,,ALL,2007,512.79
KAZ,,ALL,2008,534.09
KAZ,,ALL,2009,554.6
KAZ,,ALL,2010,515.02
KAZ,,ALL,2011,568.26
KAZ,,ALL,2012,721.51
KAZ,,ALL,2013,748.17
KAZ,,ALL,2014,696.28
KAZ,,ALL,2015,733.79
KAZ,,ALL,2016,759.43
KAZ,,ALL,2017,906.83
KGZ,,ALL,1999,28.83
KGZ,,ALL,2000,27.9
KGZ,,ALL,2001,27.51
KGZ,,ALL,2002,23.76
KGZ,,ALL,2003,25.59
KGZ,,ALL,2004,23.44
KGZ,,ALL,2005,38.24
KGZ,,ALL,2006,40.58
KGZ,,ALL,2007,31.64
KGZ,,ALL,2008,27.49
KGZ,,ALL,2009,38.38
KGZ,,ALL,2010,39.44
KGZ,,ALL,2011,24.06
KGZ,,ALL,2012,27.11
KGZ,,ALL,2013,43.08
KGZ,,ALL,2014,33.99
KGZ,,ALL,2015,29.37
KGZ,,ALL,2016,56.9
KGZ,,ALL,2017,106.76
LTU,,ALL,1992,119.37
LTU,,ALL,1993,113.42
LTU,,ALL,1994,154.09
LTU,,ALL,1995,138.42
LTU,,ALL,1996,114.89
LTU,,ALL,1997,137.52
LTU,,ALL,1998,108.05
LTU,,ALL,1999,112.59
LTU,,ALL,2000,79.07
LTU,,ALL,2001,83.37
LTU,,ALL,2002,132.02
LTU,,ALL,2003,113.42
LTU,,ALL,2004,131.01
LTU,,ALL,2005,111.83
LTU,,ALL,2006,121.6
LTU,,ALL,2007,116.59
LTU,,ALL,2008,85.62
LTU,,ALL,2009,124.36
LTU,,ALL,2010,149.95
LTU,,ALL,2011,102.42
LTU,,ALL,2012,105.06
LTU,,ALL,2013,83.65
LTU,,ALL,2014,69.15
LTU,,ALL,2015,85.78
LTU,,ALL,2016,84.9
LUX,,ALL,1987,23.6
LUX,,ALL,1988,86.9
LUX,,ALL,1989,107.18
LVA,,ALL,1990,131.86
LVA,,ALL,1991,127.05
LVA,,ALL,1992,110.87
LVA,,ALL,1993,168.17
LVA,,ALL,1994,98.94
LVA,,ALL,1995,148.18
LVA,,ALL,1996,131.43
LVA,,ALL,1997,143.39
LVA,,ALL,1998,124.93
LVA,,ALL,1999,159.83
LVA,,ALL,2000,128.07
LVA,,ALL,2001,223.06
LVA,,ALL,2002,109.31
LVA,,ALL,2003,151.29
LVA,,ALL,2004,131.38
LVA,,ALL,2005,105.12
LVA,,ALL,2006,104.94
LVA,,ALL,2007,91.83
LVA,,ALL,2008,131.16
LVA,,ALL,2009,72.58
LVA,,ALL,2010,70.77
LVA,,ALL,2011,95.62
LVA,,ALL,2012,160.83
LVA,,ALL,2013,77.68
LVA,,ALL,2014,64.38
LVA,,ALL,2015,63.7
LVA,,ALL,2016,95.59
LVA,,ALL,2017,48.01
MCO,,ALL,2012,0
MCO,,ALL,2015,205.34
MCO,,ALL,2016,0
MDA,,ALL,1991,92.55
MDA,,ALL,1992,80.47
MDA,,ALL,1994,95.03
MDA,,ALL,1995,86.86
MDA,,ALL,1996,59.77
MDA,,ALL,1997,59.23
MDA,,ALL,1998,70.16
MDA,,ALL,1999,80.52
MDA,,ALL,2000,116.41
MDA,,ALL,2001,87.8
MDA,,ALL,2002,117.63
MDA,,ALL,2003,115.16
MDA,,ALL,2004,109.74
MDA,,ALL,2005,114.07
MDA,,ALL,2006,98.44
MDA,,ALL,2007,115.87
MDA,,ALL,2008,112.77
MDA,,ALL,2009,95.58
MDA,,ALL,2010,133.42
MDA,,ALL,2011,117.4
MDA,,ALL,2012,129.33
MDA,,ALL,2013,110.9
MDA,,ALL,2014,111.35
MDA,,ALL,2015,121.73
MKD,,ALL,1980,32.68
MKD,,ALL,1984,72.05
MKD,,ALL,1985,56.82
MKD,,ALL,1986,86.31
MKD,,ALL,1987,77.78
MKD,,ALL,1988,66
MKD,,ALL,1989,69.59
MKD,,ALL,1990,96.04
MKD,,ALL,1991,71.78
MKD,,ALL,1992,51.15
MKD,,ALL,1993,43.24
MKD,,ALL,1994,59.72
MKD,,ALL,1995,62.2
MKD,,ALL,1996,73.24
MKD,,ALL,1997,78.02
MKD,,ALL,1998,54.71
MKD,,ALL,1999,58.59
MKD,,ALL,2000,54.59
MKD,,ALL,2001,62.94
MKD,,ALL,2002,28.82
MKD,,ALL,2003,55.53
MKD,,ALL,2004,77.05
MKD,,ALL,2005,31.14
MKD,,ALL,2006,48.7
MKD,,ALL,2007,52.89
MKD,,ALL,2008,56.66
MKD,,ALL,2009,59.11
MKD,,ALL,2010,61.74
MKD,,ALL,2011,74.66
MKD,,ALL,2012,46.67
MKD,,ALL,2013,51.86
MKD,,ALL,2014,38.14
MKD,,ALL,2015,82.34
MKD,,ALL,2016,52.17
MKD,,ALL,2017,55.16
MLT,,ALL,1987,301.09
MLT,,ALL,1988,90.37
MLT,,ALL,1995,173.42
MLT,,ALL,1996,161.81
MLT,,ALL,1997,62.05
MLT,,ALL,1998,155.97
MLT,,ALL,1999,255.34
MLT,,ALL,2000,91.72
MLT,,ALL,2001,203.3
MLT,,ALL,2002,384.02
MLT,,ALL,2003,173.48
MLT,,ALL,2004,102.91
MLT,,ALL,2005,285.12
MLT,,ALL,2006,211.7
MLT,,ALL,2007,132.8
MLT,,ALL,2009,173.74
MLT,,ALL,2010,256.54
MLT,,ALL,2011,288.12
MLT,,ALL,2012,145.28
MLT,,ALL,2013,99.21
MLT,,ALL,2014,262.47
MLT,,ALL,2015,277.46
MLT,,ALL,2016,223.41
MNE,,ALL,2000,10.89
MNE,,ALL,2001,45.25
MNE,,ALL,2002,23.53
MNE,,ALL,2003,35.95
MNE,,ALL,2008,12.11
MNE,,ALL,2009,0
NLD,,ALL,1984,105.48
NLD,,ALL,1985,102.17
NLD,,ALL,1986,67.75
NLD,,ALL,1996,107.11
NLD,,ALL,1997,125.23
NLD,,ALL,1998,120.36
NLD,,ALL,1999,113.25
NLD,,ALL,2000,133.58
NLD,,ALL,2001,121.42
NLD,,ALL,2002,132.62
NLD,,ALL,2003,122.32
NLD,,ALL,2004,127.31
NLD,,ALL,2005,145.81
NLD,,ALL,2006,132.93
NLD,,ALL,2007,163.23
NLD,,ALL,2008,159.78
NLD,,ALL,2009,171.97
NLD,,ALL,2010,163.78
NLD,,ALL,2011,152.73
NLD,,ALL,2012,187.54
NLD,,ALL,2013,361.85
NLD,,ALL,2014,260.87
NLD,,ALL,2015,202.33
NOR,,ALL,1970,105.34
NOR,,ALL,1971,91.53
NOR,,ALL,1972,104.26
NOR,,ALL,1973,114.36
NOR,,ALL,1974,114.09
NOR,,ALL,1975,101.16
NOR,,ALL,1976,76.67
NOR,,ALL,1977,92.38
NOR,,ALL,1978,90.82
NOR,,ALL,1979,118.26
NOR,,ALL,1980,97.96
NOR,,ALL,1981,112.41
NOR,,ALL,1982,99.52
NOR,,ALL,1983,96.12
NOR,,ALL,1984,85.53
NOR,,ALL,1985,136.9
NOR,,ALL,1986,131.39
NOR,,ALL,1987,99.95
NOR,,ALL,1988,104.3
NOR,,ALL,1989,118.04
NOR,,ALL,1990,119.79
NOR,,ALL,1991,113.47
NOR,,ALL,1992,81.52
NOR,,ALL,1993,117.3
NOR,,ALL,1994,93.19
NOR,,ALL,1995,122.74
NOR,,ALL,1996,118.17
NOR,,ALL,1997,117.05
NOR,,ALL,1998,125.1
NOR,,ALL,1999,158.52
NOR,,ALL,2000,146.88
NOR,,ALL,2001,164.03
NOR,,ALL,2002,138.9
NOR,,ALL,2003,189.52
NOR,,ALL,2004,221.24
NOR,,ALL,2005,186.76
NOR,,ALL,2006,194.72
NOR,,ALL,2007,212.11
NOR,,ALL,2008,185.13
NOR,,ALL,2009,200.62
NOR,,ALL,2010,187.17
NOR,,ALL,2011,230.82
NOR,,ALL,2012,229.03
NOR,,ALL,2013,201.71
NOR,,ALL,2014,206.49
NOR,,ALL,2015,216.74
NOR,,ALL,2016,232.64
NOR,,ALL,2017,232.15
,NORDIC,ALL,1980,104
,NORDIC,ALL,1981,104
,NORDIC,ALL,1982,95.86
,NORDIC,ALL,1983,103.86
,NORDIC,ALL,1984,91.65
,NORDIC,ALL,1985,111.11
,NORDIC,ALL,1986,117.76
,NORDIC,ALL,1987,116.72
,NORDIC,ALL,1988,110.98
,NORDIC,ALL,1989,112.61
,NORDIC,ALL,1990,124.22
,NORDIC,ALL,1991,120.06
,NORDIC,ALL,1992,122.35
,NORDIC,ALL,1993,118.66
,NORDIC,ALL,1994,115.86
,NORDIC,ALL,1995,110.4
,NORDIC,ALL,1996,108.04
,NORDIC,ALL,1997,118.73
,NORDIC,ALL,1998,117.89
,NORDIC,ALL,1999,136.9
,NORDIC,ALL,2000,121.66
,NORDIC,ALL,2001,141.29
,NORDIC,ALL,2002,135.31
,NORDIC,ALL,2003,150.9
,NORDIC,ALL,2004,138.15
,NORDIC,ALL,2005,127.28
,NORDIC,ALL,2006,149.98
,NORDIC,ALL,2007,137.76
,NORDIC,ALL,2008,133.69
,NORDIC,ALL,2009,136.81
,NORDIC,ALL,2010,139.04
,NORDIC,ALL,2011,142.5
,NORDIC,ALL,2012,149.3
,NORDIC,ALL,2013,146.23
,NORDIC,ALL,2014,119.43
,NORDIC,ALL,2015,110.76
,NORDIC,ALL,2016,120.57
PRT,,ALL,1996,93.41
PRT,,ALL,1997,93.86
PRT,,ALL,1998,89.08
PRT,,ALL,1999,112.93
PRT,,ALL,2000,89.16
PRT,,ALL,2001,56.75
ROU,,ALL,1990,0
ROU,,ALL,1992,18.82
ROU,,ALL,1993,39.6
ROU,,ALL,1994,71.33
ROU,,ALL,1995,65.08
ROU,,ALL,1996,58.35
ROU,,ALL,1997,56.14
ROU,,ALL,1998,51.83
ROU,,ALL,1999,92.5
ROU,,ALL,2000,62.25
ROU,,ALL,2001,88.94
ROU,,ALL,2002,94.05
ROU,,ALL,2003,90.37
ROU,,ALL,2004,59.19
ROU,,ALL,2005,40.27
ROU,,ALL,2006,33.72
ROU,,ALL,2007,34.46
ROU,,ALL,2008,46.42
ROU,,ALL,2009,45.87
ROU,,ALL,2010,39.11
ROU,,ALL,2011,44.33
ROU,,ALL,2012,36.3
ROU,,ALL,2013,54.61
ROU,,ALL,2014,59.88
ROU,,ALL,2015,53.67
RUS,,ALL,1991,3.84
RUS,,ALL,1992,3.59
RUS,,ALL,1994,4.25
RUS,,ALL,1995,3.59
RUS,,ALL,1996,2.38
RUS,,ALL,1997,2.14
RUS,,ALL,1998,2.26
RUS,,ALL,1999,2.55
RUS,,ALL,2000,3.39
RUS,,ALL,2001,2.44
RUS,,ALL,2002,3.01
RUS,,ALL,2003,2.9
RUS,,ALL,2004,2.8
RUS,,ALL,2005,2.95
RUS,,ALL,2006,2.5
RUS,,ALL,2007,2.73
RUS,,ALL,2008,2.57
RUS,,ALL,2009,2.21
RUS,,ALL,2010,3.07
RUS,,ALL,2011,2.56
RUS,,ALL,2012,2.68
RUS,,ALL,2013,2.22
RUS,,ALL,2015,2.42
RUS,,ALL,2016,147.08
RUS,,ALL,2017,167.4
,SEEHN,ALL,1996,67.46
,SEEHN,ALL,1997,69.83
,SEEHN,ALL,1998,69.92
,SEEHN,ALL,1999,86.59
,SEEHN,ALL,2000,74.59
,SEEHN,ALL,2001,83.77
,SEEHN,ALL,2002,85.87
,SEEHN,ALL,2003,85.76
,SEEHN,ALL,2004,73.46
,SEEHN,ALL,2005,68.05
,SEEHN,ALL,2006,59.03
,SEEHN,ALL,2007,62.79
,SEEHN,ALL,2008,61.89
,SEEHN,ALL,2009,60.3
,SEEHN,ALL,2010,66.47
,SEEHN,ALL,2011,61.08
,SEEHN,ALL,2012,57.99
,SEEHN,ALL,2013,62.33
,SEEHN,ALL,2014,61.18
,SEEHN,ALL,2015,62.57
,SEEHN,ALL,2016,66.08
,SMALL,ALL,2012,61.74
,SMALL,ALL,2015,101.54
,SMALL,ALL,2016,96.6
SMR,,ALL,2011,0
SMR,,ALL,2012,342.47
SMR,,ALL,2013,312.5
SMR,,ALL,2014,337.84
SMR,,ALL,2015,371.75
SMR,,ALL,2016,0
SMR,,ALL,2017,0
SRB,,ALL,2006,54.93
SRB,,ALL,2007,35.24
SRB,,ALL,2008,36.19
SRB,,ALL,2009,48.36
SRB,,ALL,2010,43.92
SRB,,ALL,2011,32.01
SRB,,ALL,2012,31.22
SRB,,ALL,2013,42.71
SRB,,ALL,2014,24.07
SRB,,ALL,2015,28.94
SRB,,ALL,2016,32.44
SRB,,ALL,2017,21.57
SVK,,ALL,1980,74.66
SVK,,ALL,1981,64.32
SVK,,ALL,1982,85.3
SVK,,ALL,1983,71.7
SVK,,ALL,1984,84.76
SVK,,ALL,1985,64.33
SVK,,ALL,1986,44.76
SVK,,ALL,1987,63.09
SVK,,ALL,1988,84.09
SVK,,ALL,1989,57.42
SVK,,ALL,1990,67.51
SVK,,ALL,1991,54.73
SVK,,ALL,1992,45.55
SVK,,ALL,1993,46.41
SVK,,ALL,1994,79.86
SVK,,ALL,1995,79.77
SVK,,ALL,1996,102.71
SVK,,ALL,1997,98.12
SVK,,ALL,1998,79.89
SVK,,ALL,1999,120.95
SVK,,ALL,2000,96.1
SVK,,ALL,2001,117.33
SVK,,ALL,2002,94.41
SVK,,ALL,2003,143.1
SVK,,ALL,2004,96.75
SVK,,ALL,2005,101.05
SVK,,ALL,2006,98.32
SVK,,ALL,2007,69.82
SVK,,ALL,2008,120.29
SVK,,ALL,2009,99.65
SVK,,ALL,2010,84.42
SVK,,ALL,2011,85.51
SVK,,ALL,2012,79.23
SVK,,ALL,2013,87.55
SVK,,ALL,2014,81.77
SVK,,ALL,2015,107.91
SVK,,ALL,2016,86.87
SVK,,ALL,2017,113.85
SVN,,ALL,1988,98.27
SVN,,ALL,1989,93.06
SVN,,ALL,1990,61.88
SVN,,ALL,1991,74.01
SVN,,ALL,1992,119.99
SVN,,ALL,1993,131.87
SVN,,ALL,1994,113.01
SVN,,ALL,1995,106.38
SVN,,ALL,1996,138.39
SVN,,ALL,1997,83.19
SVN,,ALL,1998,95.61
SVN,,ALL,1999,126.96
SVN,,ALL,2000,66.23
SVN,,ALL,2001,109.09
SVN,,ALL,2002,97.2
SVN,,ALL,2003,76.17
SVN,,ALL,2004,89.88
SVN,,ALL,2005,71.87
SVN,,ALL,2006,89.72
SVN,,ALL,2007,111.03
SVN,,ALL,2008,64.35
SVN,,ALL,2009,64.68
SVN,,ALL,2010,54.06
SVN,,ALL,2011,59.23
SVN,,ALL,2012,63.58
SVN,,ALL,2013,47.37
SVN,,ALL,2014,51.97
SVN,,ALL,2015,53.29
SVN,,ALL,2016,35.03
SVN,,ALL,2017,30.23
SWE,,ALL,1975,128.34
SWE,,ALL,1980,140.11
SWE,,ALL,1981,136.08
SWE,,ALL,1982,123.99
SWE,,ALL,1983,141.64
SWE,,ALL,1984,122.49
SWE,,ALL,1985,133.04
SWE,,ALL,1986,133.4
SWE,,ALL,1987,134.67
SWE,,ALL,1988,109.74
SWE,,ALL,1989,118.94
SWE,,ALL,1990,128.29
SWE,,ALL,1991,136.58
SWE,,ALL,1992,122.92
SWE,,ALL,1993,123.04
SWE,,ALL,1994,153.35
SWE,,ALL,1995,123.88
SWE,,ALL,1996,137.67
SWE,,ALL,1997,125.02
SWE,,ALL,1998,119.06
SWE,,ALL,1999,154.24
SWE,,ALL,2000,127.15
SWE,,ALL,2001,155.25
SWE,,ALL,2002,146.11
SWE,,ALL,2003,172.45
SWE,,ALL,2004,118.9
SWE,,ALL,2005,136.17
SWE,,ALL,2006,174.67
SWE,,ALL,2007,145.22
SWE,,ALL,2008,141.81
SWE,,ALL,2009,143.11
SWE,,ALL,2010,172.95
SWE,,ALL,2011,138.68
SWE,,ALL,2012,175.83
SWE,,ALL,2013,182.03
SWE,,ALL,2014,120.62
SWE,,ALL,2015,93.15
SWE,,ALL,2016,105.7
TJK,,ALL,1991,24.46
TJK,,ALL,1992,21.17
TJK,,ALL,2006,20.92
TJK,,ALL,2007,34
TJK,,ALL,2008,26.56
TJK,,ALL,2009,31.53
TJK,,ALL,2010,20.43
TJK,,ALL,2011,24.53
TJK,,ALL,2012,23.26
TJK,,ALL,2013,17.67
TJK,,ALL,2014,18.74
TJK,,ALL,2015,18.52
TJK,,ALL,2016,40.86
TJK,,ALL,2017,43.29
UKR,,ALL,1992,67.03
UKR,,ALL,1993,88.23
UKR,,ALL,1994,93.06
UKR,,ALL,1995,83.8
UKR,,ALL,1996,89.04
UKR,,ALL,1997,86.09
UKR,,ALL,1998,85.87
UKR,,ALL,1999,89.67
UKR,,ALL,2000,83.61
UKR,,ALL,2001,90.84
UKR,,ALL,2002,84.72
UKR,,ALL,2003,82.23
UKR,,ALL,2004,79.34
UKR,,ALL,2005,81.2
UKR,,ALL,2006,84.5
UKR,,ALL,2007,89.07
UKR,,ALL,2008,72.86
UKR,,ALL,2009,79.8
UKR,,ALL,2010,86.2
UKR,,ALL,2011,85.16
UKR,,ALL,2012,85.46
UKR,,ALL,2013,82.2
UKR,,ALL,2014,83.71
UKR,,ALL,2015,83.05
UZB,,ALL,1992,82.34
,WHO_EURO,ALL,1999,68.16
,WHO_EURO,ALL,2000,65.77
,WHO_EURO,ALL,2001,67.44
,WHO_EURO,ALL,2002,65.31
,WHO_EURO,ALL,2003,67.07
,WHO_EURO,ALL,2004,68.14
,WHO_EURO,ALL,2005,66.13
,WHO_EURO,ALL,2006,69.24
,WHO_EURO,ALL,2007,72.25
,WHO_EURO,ALL,2008,71.6
,WHO_EURO,ALL,2009,74.37
,WHO_EURO,ALL,2010,72.74
,WHO_EURO,ALL,2011,75.08
,WHO_EURO,ALL,2012,82.6
,WHO_EURO,ALL,2013,86.7
,WHO_EURO,ALL,2014,81.38
,WHO_EURO,ALL,2015,80.7
,WHO_EURO,ALL,2016,106.52
